A ,General Works
B ,Philosophy and Religion
BF,Psychology
C ,History
Cass,Music
D ,History
DVD,Music
E ,History
F ,History
G ,Geography
GA,Geography
GB,Geography
GC,Geography
GE,Environmental Science
GF,Anthropology
GN,Anthropology
GR,Anthropology
GT,Anthropology
GV,Anthropology
H ,Social Science
HA,Statistics
HB,Economics
HC,Economics
HD,Business and Management
HE,Business and Management
HF,Business and Management
HG,Business and Management
HJ,Business and Management
HM,Social Science
HN,Social Science
HQ,Social Science
HS,Social Science
HT,Social Science
HV,Social Science
HX,Social Science
IR,Industrial Relations Collection
J ,Political Science
K ,Law
L ,Education
M ,Music
N ,Fine Arts
P ,Language and Literature
Phon,Music
Q ,General Science
QA,Mathematics
QA75,Computer Science
QA76,Computer Science
QB,Astronomy
QC,Physics
QD,Chemistry
QE,Geology
QH,Biology
QK,Biology
QL,Biology
QM,Biology
QP,Biology
QR,Biology
R ,Medicine
S ,Agriculture
T ,Technology and Engineering
Thesis,Thesis
U ,Military Science
V ,Naval Science
Z ,General Works